time,low,high,open,close,volume,Subjectivity,Polarity,Analysis,btc_google_trend,views
2020-01-01,7136.05,7238.14,7165.72,7174.33,3350.63004888,0.09444444444444444,0.0,Neutral,9.38,12716.0
2020-01-02,6903.0,7186.18,7174.33,6945.02,8010.92738748,0.6136363636363636,0.03409090909090909,Positive,9.38,12265.0
2020-01-03,6854.67,7401.2,6945.02,7334.45,14056.39238489,0.14444444444444446,0.09722222222222222,Positive,9.38,15018.0
2020-01-04,7263.32,7398.0,7334.45,7348.63,4742.46620989,0.0,0.0,Neutral,9.38,8099.0
2020-01-05,7312.22,7488.87,7348.63,7355.4,5942.01494574,0.08333333333333333,0.01249999999999999,Positive,9.38,6024.0
2020-01-06,7343.17,7805.0,7355.4,7764.63,11770.42968139,0.0,0.0,Neutral,9.8,8450.0
2020-01-07,7723.0,8216.0,7764.63,8158.52,19857.45754518,0.075,0.07142857142857142,Positive,11.9,15005.0
2020-01-08,7845.0,8469.39,8160.01,8045.51,23927.67532995,0.42500000000000004,0.225,Positive,12.88,14892.0
2020-01-09,7744.48,8048.67,8047.75,7813.78,9477.65983784,0.5125000000000001,0.2604166666666667,Positive,9.940000000000001,16008.0
2020-01-10,7671.0,8199.77,7813.78,8198.09,13419.69851238,0.2357142857142857,0.19523809523809524,Positive,10.64,12923.0
2020-01-11,8000.01,8290.0,8198.09,8020.0,7557.36879269,0.15000000000000002,0.175,Positive,9.520000000000001,7131.0
2020-01-12,7963.25,8185.0,8017.47,8180.81,3920.74009838,0.18333333333333335,0.09583333333333333,Positive,9.45,15858.0
2020-01-13,8041.95,8195.81,8180.81,8104.5,6678.02840315,0.22569444444444448,-0.019444444444444445,Negative,10.5,16539.0
2020-01-14,8105.23,8893.69,8105.6,8815.69,27075.8082207,0.3304777365491652,0.11275046382189238,Positive,14.85,17602.0
2020-01-15,8550.0,8900.0,8812.58,8808.81,14977.61979023,0.23439393939393938,0.1043181818181818,Positive,15.0,16450.0
2020-01-16,8580.0,8850.0,8808.81,8714.76,9265.76423506,0.225,0.016666666666666666,Positive,12.45,7114.0
2020-01-17,8665.67,9013.0,8714.77,8899.42,15447.36512517,0.3333333333333333,0.13333333333333333,Positive,13.049999999999999,6076.0
2020-01-18,8800.1,8980.0,8899.42,8909.32,5600.21827844,0.32386363636363635,0.024068813131313132,Positive,11.25,7405.0
2020-01-19,8465.0,9194.99,8908.95,8697.53,15218.51476182,0.4301587301587302,0.06904761904761905,Positive,9.6,5926.0
2020-01-20,8504.06,8734.84,8697.53,8628.89,5605.80561385,0.09166666666666667,0.03333333333333333,Positive,8.64,6055.0
2020-01-21,8465.0,8774.31,8628.89,8722.03,7520.65103045,0.48780864197530865,0.00848765432098765,Positive,7.92,6343.0
2020-01-22,8565.0,8791.76,8722.03,8660.38,5481.36960818,0.27254120148856986,0.06709197235513024,Positive,7.56,6807.0
2020-01-23,8278.0,8665.0,8660.38,8385.22,12206.24491133,0.3484126984126984,0.17142857142857143,Positive,9.0,6236.0
2020-01-24,8216.71,8509.99,8385.21,8427.26,8634.96792308,0.24,0.1,Positive,7.319999999999999,5847.0
2020-01-25,8252.73,8437.76,8427.58,8326.81,3783.20831697,0.625,0.0,Neutral,6.359999999999999,5058.0
2020-01-26,8278.68,8595.0,8326.8,8595.0,5497.32293973,0.0,0.0,Neutral,6.63,4781.0
2020-01-27,8556.6,8985.0,8595.0,8895.96,9548.60475006,0.49444444444444446,0.2755208333333333,Positive,9.23,5561.0
2020-01-28,8880.87,9418.91,8895.95,9394.5,17578.54006083,0.389212962962963,0.08083333333333333,Positive,10.66,6187.0
2020-01-29,9224.75,9439.83,9391.14,9288.44,12233.05063864,0.25595238095238093,-0.003354978354978353,Negative,10.01,5904.0
2020-01-30,9171.11,9574.68,9287.9,9503.08,12948.39766745,0.17222222222222222,0.11666666666666667,Positive,11.57,6149.0
2020-01-31,9195.49,9522.5,9502.71,9334.98,9719.06131452,0.175,0.0125,Positive,10.01,5802.0
2020-02-01,9285.01,9458.08,9334.98,9380.18,4387.41986202,0.7,-0.24999999999999997,Negative,9.1,4979.0
2020-02-02,9140.0,9480.0,9380.18,9323.5,7307.92291459,0.19968181818181815,-0.04079545454545455,Negative,8.96,5268.0
2020-02-03,9220.0,9619.95,9325.01,9280.49,11910.28572971,0.3254166666666667,0.18625,Positive,8.82,5324.0
2020-02-04,9078.05,9350.0,9280.49,9164.33,8190.74898707,0.23541666666666666,-0.014583333333333332,Negative,10.360000000000001,5800.0
2020-02-05,9150.0,9769.7,9164.33,9613.82,13267.06193659,0.2420138888888889,-0.024166666666666663,Negative,11.340000000000002,6282.0
2020-02-06,9521.47,9857.0,9613.91,9763.01,12672.13678163,0.19940476190476192,0.07898809523809522,Positive,9.66,6024.0
2020-02-07,9713.99,9885.0,9763.01,9808.05,8516.62840515,0.2075810185185185,0.09218749999999999,Positive,9.940000000000001,6100.0
2020-02-08,9653.47,9955.0,9807.92,9905.64,8100.97112281,0.26666666666666666,0.13333333333333333,Positive,10.080000000000002,6136.0
2020-02-09,9888.76,10178.91,9905.64,10168.35,9649.74938704,0.14666666666666667,-0.08,Negative,17.0,6815.0
2020-02-10,9736.0,10199.0,10168.36,9851.78,13249.58715176,0.0,0.0,Neutral,14.790000000000001,6760.0
2020-02-11,9706.0,10400.0,9851.78,10270.01,16722.06581913,0.18680555555555556,0.04826388888888889,Positive,14.620000000000001,7850.0
2020-02-12,10250.0,10483.86,10270.01,10351.13,13740.9848527,0.33571428571428574,-0.18571428571428572,Negative,16.32,7157.0
2020-02-13,10083.1,10522.51,10351.13,10236.49,17101.28534969,0.2858585858585859,0.2302020202020202,Positive,15.81,7236.0
2020-02-14,10102.5,10395.66,10236.49,10371.33,8026.49620683,0.299107400535972,0.16651283240568954,Positive,13.940000000000001,5676.0
2020-02-15,9750.0,10400.0,10371.33,9911.22,12323.28859704,0.2929910714285714,0.07178571428571429,Positive,13.940000000000001,5526.0
2020-02-16,9612.12,10048.34,9911.22,9921.0,9430.32887897,0.09166666666666666,0.25,Positive,10.920000000000002,5675.0
2020-02-17,9467.0,9969.38,9920.52,9700.0,10144.62802455,0.22416666666666665,0.014895833333333334,Positive,12.88,6425.0
2020-02-18,9610.27,10298.25,9700.0,10188.04,11606.56132767,0.26310606060606057,0.07636363636363637,Positive,10.360000000000001,6467.0
2020-02-19,9280.98,10315.0,10188.04,9600.08,16637.05014888,0.31580928330928326,-0.06550986050986052,Negative,11.9,14975.0
2020-02-20,9393.39,9698.1,9593.48,9610.05,12382.01006133,0.35277777777777775,0.006481481481481471,Positive,10.920000000000002,8107.0
2020-02-21,9566.98,9769.66,9610.05,9695.66,7073.36617743,0.29930555555555555,0.13524305555555555,Positive,9.38,8065.0
2020-02-22,9575.01,9722.97,9695.66,9668.23,3301.24362823,0.21704545454545457,-0.03560606060606061,Negative,9.8,6544.0
2020-02-23,9667.13,10025.66,9668.23,9965.01,5631.93728472,0.33797032828282836,0.1567834595959596,Positive,10.2,6111.0
2020-02-24,9474.74,10030.0,9965.0,9660.0,11274.83220813,0.28420314253647594,0.10556023194912081,Positive,11.7,7149.0
2020-02-25,9230.0,9681.56,9660.0,9305.0,9370.80406077,0.2724206349206349,0.06950757575757577,Positive,11.1,6576.0
2020-02-26,8602.0,9375.36,9304.99,8778.3,21610.46289952,0.20470982142857141,0.04964285714285714,Positive,12.45,6459.0
2020-02-27,8520.0,8972.92,8778.3,8812.49,14781.02020263,0.3769382133018496,0.08114423455332545,Positive,13.2,6707.0
2020-02-28,8428.8,8899.94,8814.9,8708.89,13643.28590301,0.038461538461538464,0.0,Neutral,13.35,6434.0
2020-02-29,8520.67,8799.0,8708.61,8525.07,5142.70830477,0.0,0.0,Neutral,10.2,5348.0
2020-03-01,8400.0,8752.34,8523.33,8522.31,7353.13960471,0.0,0.0,Neutral,3.5100000000000002,6902.0
2020-03-02,8487.33,8973.45,8522.3,8915.0,10216.69254477,0.1848576675849403,0.03679063360881543,Positive,3.77,6572.0
2020-03-03,8635.31,8927.45,8919.21,8757.84,9152.7069265,0.6142424242424241,0.24727272727272726,Positive,3.5100000000000002,7543.0
2020-03-04,8670.57,8847.0,8757.83,8760.66,5688.58509691,0.2708333333333333,-0.02083333333333334,Negative,3.5100000000000002,7554.0
2020-03-05,8759.99,9174.24,8759.99,9070.17,10073.31421239,0.0,0.0,Neutral,3.38,7666.0
2020-03-06,9000.01,9182.08,9070.18,9158.51,6422.12885254,0.584375,0.20975378787878785,Positive,3.38,6754.0
2020-03-07,8850.47,9214.67,9158.51,8901.37,6478.25334502,0.2472222222222222,0.05416666666666667,Positive,3.38,5541.0
2020-03-08,8002.2,8901.37,8901.36,8037.76,16591.91410216,0.5,0.3666666666666667,Positive,7.5,5332.0
2020-03-09,7630.0,8187.03,8037.73,7934.52,25563.61417462,0.22904761904761903,0.1376190476190476,Positive,12.5,7397.0
2020-03-10,7733.56,8158.25,7934.56,7894.68,17172.47130109,0.34500000000000003,0.25666666666666665,Positive,8.5,7188.0
2020-03-11,7583.27,7987.97,7894.68,7938.05,13647.86513876,0.28518181818181815,0.05512121212121211,Positive,8.25,6614.0
2020-03-12,4644.0,7969.45,7938.05,4857.1,113902.20332904,0.23796296296296296,-0.02685185185185185,Negative,16.5,8281.0
2020-03-13,3858.0,5995.0,4857.1,5637.6,130316.64684438,0.1968253968253968,0.12559523809523812,Positive,25.0,9562.0
2020-03-14,5050.0,5669.0,5630.93,5165.25,32760.12278053,0.25,-0.125,Negative,14.75,6505.0
2020-03-15,5085.91,5985.0,5161.16,5345.35,43763.76236813,0.17497029114676174,0.0523767082590612,Positive,10.32,6228.0
2020-03-16,4432.3,5350.3,5346.86,5037.61,80184.03685247,0.0,0.0,Neutral,16.56,7018.0
2020-03-17,4935.6,5569.44,5039.95,5331.71,44347.15487325,0.2137229437229437,0.024783549783549783,Positive,12.48,6889.0
2020-03-18,5001.0,5452.82,5331.71,5413.64,37513.03523454,0.29981060606060606,0.01098484848484849,Positive,11.28,6672.0
2020-03-19,5261.69,6441.37,5413.88,6186.26,54666.67461085,0.3780952380952381,0.12714285714285717,Positive,12.959999999999999,6983.0
2020-03-20,5657.0,6990.0,6183.82,6206.1,53024.40103701,0.14285714285714285,-0.017857142857142856,Negative,11.52,6418.0
2020-03-21,5851.0,6470.0,6210.47,6198.78,23514.96653599,0.22291666666666665,0.0875,Positive,10.08,5856.0
2020-03-22,5738.0,6420.0,6198.64,5818.25,28089.48698286,0.16287878787878787,0.13636363636363635,Positive,7.92,5781.0
2020-03-23,5678.2,6641.03,5815.24,6490.63,42437.97070062,0.14857142857142855,0.014196428571428572,Positive,7.38,5902.0
2020-03-24,6403.16,6866.1,6493.58,6766.64,40618.19870698,0.23456439393939393,0.0040719696969696885,Positive,8.1,6507.0
2020-03-25,6470.0,6983.31,6766.0,6690.96,31266.36827545,0.05104166666666667,0.0,Neutral,7.02,6777.0
2020-03-26,6520.13,6795.0,6691.71,6758.18,17456.11705058,0.2425925925925926,0.06759259259259259,Positive,6.3,6493.0
2020-03-27,6260.0,6880.0,6760.0,6372.36,20458.24402051,0.1642857142857143,0.052597402597402594,Positive,6.4799999999999995,6331.0
2020-03-28,6030.0,6372.36,6372.36,6251.82,20353.8748456,0.16041666666666665,0.0,Neutral,6.12,5868.0
2020-03-29,5870.46,6279.96,6251.45,5877.21,16111.23637843,0.6089285714285714,0.22142857142857142,Positive,4.95,5861.0
2020-03-30,5853.0,6631.23,5878.98,6406.4,23659.80264153,0.10092592592592592,-0.08796296296296297,Negative,4.8,6489.0
2020-03-31,6333.91,6524.79,6406.4,6424.35,11939.0253308,0.3682098765432099,0.15648148148148147,Positive,4.35,6428.0
2020-04-01,6160.0,6744.99,6424.02,6666.11,17900.2508585,0.020833333333333332,0.0,Neutral,8.25,8179.0
2020-04-02,6570.92,7292.11,6666.11,6804.52,28761.00804113,0.3416666666666666,0.09027777777777775,Positive,8.549999999999999,7492.0
2020-04-03,6606.06,7050.0,6804.24,6741.99,14953.17963657,0.2333333333333333,0.13888888888888887,Positive,8.85,8155.0
2020-04-04,6658.16,7025.53,6741.99,6874.77,10217.67907796,0.2888888888888889,-0.011111111111111118,Negative,7.5,7223.0
2020-04-05,6681.0,6925.0,6874.77,6778.25,8962.91059819,0.22916666666666669,-0.053819444444444434,Negative,8.64,6686.0
2020-04-06,6773.28,7373.37,6778.64,7341.56,27992.01318781,0.09196428571428572,-0.049107142857142856,Negative,10.4,6912.0
2020-04-07,7073.0,7466.0,7341.55,7200.01,22743.06622044,0.3104166666666667,-0.08601190476190476,Negative,10.08,7291.0
2020-04-08,7154.22,7430.0,7200.01,7370.11,15429.12191833,0.1737797619047619,-0.0020833333333333294,Negative,9.44,7040.0
2020-04-09,7110.0,7377.0,7370.38,7293.24,12369.84267516,0.2916666666666667,-0.03977272727272727,Negative,9.28,6963.0
2020-04-10,6750.0,7305.91,7293.23,6871.91,19671.19020798,0.19895833333333332,0.0013888888888888885,Positive,10.24,7025.0
2020-04-11,6775.0,6955.0,6871.83,6889.65,8066.07536876,0.29444444444444445,0.022727272727272745,Positive,8.96,7014.0
2020-04-12,6787.44,7200.0,6889.78,6908.13,12733.98839119,0.8812500000000001,0.35000000000000003,Positive,7.420000000000001,6944.0
2020-04-13,6555.0,6908.13,6908.12,6861.21,22323.76661709,0.1658730158730159,0.09246031746031745,Positive,8.120000000000001,7919.0
2020-04-14,6771.41,6997.38,6860.51,6877.37,12868.6061641,0.0,-0.05,Negative,7.140000000000001,7586.0
2020-04-15,6605.89,6940.0,6876.92,6624.12,14753.81361034,0.27366522366522367,0.08495670995670997,Positive,7.98,7349.0
2020-04-16,6456.0,7217.27,6623.62,7112.64,28117.55707545,0.135,-0.0225,Negative,8.4,7570.0
2020-04-17,7000.0,7156.66,7114.76,7037.46,13514.57644149,0.2875,0.09375,Positive,7.840000000000001,8304.0
2020-04-18,7021.0,7308.0,7036.45,7261.76,11510.52116868,0.43571428571428567,0.1142857142857143,Positive,7.5600000000000005,7660.0
2020-04-19,7063.02,7275.0,7262.04,7130.71,8887.88875146,0.24166666666666664,0.16666666666666669,Positive,7.5,7748.0
2020-04-20,6748.72,7227.11,7130.7,6838.19,18396.60555727,0.13194444444444445,-0.03333333333333333,Negative,8.549999999999999,7923.0
2020-04-21,6776.0,6959.0,6837.22,6853.68,14467.84248756,0.22037037037037038,0.053240740740740755,Positive,7.199999999999999,8177.0
2020-04-22,6826.0,7167.37,6853.67,7136.84,13141.14072302,0.2462797619047619,0.11532738095238095,Positive,7.6499999999999995,7908.0
2020-04-23,7031.14,7775.0,7136.81,7488.83,22759.36481812,0.28965848965848967,0.059992784992784993,Positive,9.0,8377.0
2020-04-24,7390.0,7612.24,7491.5,7514.64,13764.56695369,0.17708333333333334,-0.020833333333333332,Negative,9.0,7954.0
2020-04-25,7437.94,7720.0,7514.99,7547.61,7443.79619621,0.37142857142857144,0.014285714285714282,Positive,8.7,7881.0
2020-04-26,7490.0,7715.0,7547.61,7706.4,9292.64077746,0.25833333333333336,0.125,Positive,10.64,8763.0
2020-04-27,7635.69,7810.99,7706.4,7789.77,15455.7361195,0.24962585034013607,0.04833333333333333,Positive,10.83,9113.0
2020-04-28,7672.0,7794.74,7789.77,7755.01,10984.76643504,0.18131313131313131,0.050505050505050504,Positive,12.73,8978.0
2020-04-29,7720.0,8988.0,7757.18,8793.75,48689.75030108,0.2010683760683761,0.09338578088578088,Positive,17.48,9876.0
2020-04-30,8407.0,9478.66,8794.99,8624.28,44843.9646793,0.2972222222222222,-0.02222222222222222,Negative,19.0,11380.0
2020-05-01,8622.72,9075.98,8624.68,8829.42,21660.21988892,0.19505050505050503,0.021985236985236984,Positive,9.31,9218.0
2020-05-02,8762.01,9025.0,8829.42,8985.58,10539.26528999,0.32,0.15,Positive,8.74,9155.0
2020-05-03,8731.01,9203.52,8984.69,8909.95,17147.65372312,0.3333333333333333,0.18333333333333332,Positive,11.73,8902.0
2020-05-04,8533.98,8970.0,8907.85,8883.53,18380.62654424,0.15,-0.08333333333333333,Negative,10.120000000000001,9190.0
2020-05-05,8769.69,9126.27,8887.81,9028.79,16392.29936609,0.12638888888888888,-0.05555555555555555,Negative,10.120000000000001,9652.0
2020-05-06,8922.13,9418.0,9028.78,9155.79,27650.87868274,0.13931972789115646,0.01251700680272109,Positive,11.73,10397.0
2020-05-07,9028.89,10079.0,9155.79,10004.77,39447.57511824,0.3045855379188712,0.003703703703703715,Positive,14.49,9622.0
2020-05-08,9730.0,10049.0,10000.37,9810.0,26363.71688893,0.071875,0.07070312499999999,Positive,17.48,11682.0
2020-05-09,9521.0,9920.73,9810.01,9537.21,17931.1748552,0.26666666666666666,0.195,Positive,13.34,8841.0
2020-05-10,8106.7,9559.98,9537.21,8729.86,50909.84429757,0.31666666666666665,-0.07166666666666668,Negative,22.62,9887.0
2020-05-11,8185.0,9182.66,8729.86,8572.4,39999.37731433,0.18891941391941394,-0.02692307692307692,Negative,26.0,12137.0
2020-05-12,8534.85,8982.9,8572.4,8821.42,20219.23699186,0.27777777777777773,0.07222222222222223,Positive,17.68,17241.0
2020-05-13,8803.97,9420.18,8821.41,9321.26,21357.63022841,0.22541322314049586,0.1146694214876033,Positive,16.12,9328.0
2020-05-14,9257.15,9943.93,9320.85,9795.34,28752.36041568,0.17440476190476187,0.03353174603174603,Positive,14.82,9072.0
2020-05-15,9120.0,9849.0,9795.34,9312.1,25180.97967322,0.4294733044733045,0.28300865800865804,Positive,11.96,8980.0
2020-05-16,9215.01,9594.99,9312.1,9383.16,10782.32773503,0.35285714285714287,-0.04428571428571428,Negative,11.96,8432.0
2020-05-17,9325.81,9896.0,9380.01,9676.63,13540.66294076,0.0,0.0,Neutral,8.82,8609.0
2020-05-18,9436.97,9957.25,9677.45,9728.52,17710.29958398,0.318531746031746,0.1301190476190476,Positive,9.0,9317.0
2020-05-19,9463.22,9898.0,9728.52,9783.76,15229.62610784,0.3940972222222222,0.046875,Positive,7.38,8274.0
2020-05-20,9294.54,9836.99,9783.57,9509.41,16895.54925055,0.2599116161616162,0.1154040404040404,Positive,7.56,8888.0
2020-05-21,8800.0,9568.0,9509.4,9061.96,28081.22890941,0.2111111111111111,0.19583333333333333,Positive,8.459999999999999,8568.0
2020-05-22,8923.5,9267.34,9059.32,9168.84,13731.91887098,0.5056277056277056,0.3282296650717703,Positive,7.92,7566.0
2020-05-23,9090.11,9313.83,9168.84,9181.76,6878.84791748,0.022222222222222223,0.0,Neutral,6.84,7046.0
2020-05-24,8680.7,9306.23,9181.09,8715.73,13004.34567862,0.18214285714285716,0.15699404761904762,Positive,6.0,6879.0
2020-05-25,8632.93,8977.0,8715.69,8899.31,12328.24203695,0.4451388888888889,0.27083333333333337,Positive,5.85,7548.0
2020-05-26,8694.23,9016.99,8900.0,8844.42,11507.43097855,0.3341666666666666,0.058333333333333334,Positive,6.0,8218.0
2020-05-27,8811.46,9230.0,8844.41,9208.53,10936.67835282,0.34687500000000004,0.35625,Positive,5.55,7377.0
2020-05-28,9112.0,9625.0,9208.53,9580.19,14511.07649252,0.32916666666666666,0.001388888888888883,Positive,5.55,6751.0
2020-05-29,9330.01,9609.02,9580.01,9423.84,10415.42644355,0.1625,0.05625,Positive,5.25,7536.0
2020-05-30,9326.43,9764.0,9423.85,9700.33,10509.69814742,0.0,0.0,Neutral,4.5,6458.0
2020-05-31,9369.58,9705.6,9700.32,9446.57,7944.71669301,0.12962962962962962,0.019444444444444445,Positive,4.64,6123.0
2020-06-01,9417.42,10428.0,9445.83,10208.96,21676.60828748,0.2733333333333333,0.14333333333333334,Positive,10.56,6294.0
2020-06-02,9270.0,10237.6,10208.96,9522.46,33220.58268645,0.1487012987012987,0.05779220779220779,Positive,16.0,7213.0
2020-06-03,9385.22,9695.0,9521.53,9668.07,11446.72193696,0.23893097643097644,0.16897095959595956,Positive,12.0,6680.0
2020-06-04,9450.0,9888.0,9668.06,9788.03,12441.27298837,0.17911255411255414,0.12109487734487734,Positive,12.48,6721.0
2020-06-05,9585.44,9855.0,9791.96,9613.21,12495.89785858,0.2839015151515152,0.2253787878787879,Positive,10.4,6924.0
2020-06-06,9526.03,9735.13,9613.42,9671.7,6501.31731671,0.27,0.20666666666666664,Positive,10.24,5989.0
2020-06-07,9370.0,9822.0,9670.28,9750.12,11628.94527829,0.3333333333333333,0.16666666666666666,Positive,8.82,6859.0
2020-06-08,9632.79,9815.0,9750.12,9781.51,8533.83614916,0.5750000000000001,0.325,Positive,9.100000000000001,7108.0
2020-06-09,9567.33,9886.0,9781.51,9779.41,10329.87714811,0.6,0.16666666666666666,Positive,9.24,6859.0
2020-06-10,9690.0,10018.67,9779.7,9894.04,12965.42597405,0.06999999999999999,-0.04,Negative,10.22,7010.0
2020-06-11,9050.0,9973.25,9894.35,9268.16,26779.8793933,0.28858585858585856,0.13868686868686866,Positive,11.200000000000001,6831.0
2020-06-12,9227.0,9552.87,9268.16,9464.17,10992.51647836,0.18450413223140497,0.1146694214876033,Positive,8.96,6579.0
2020-06-13,9346.0,9494.45,9464.71,9475.0,4581.79206303,0.6666666666666666,-0.055555555555555546,Negative,8.260000000000002,5793.0
2020-06-14,9240.0,9481.0,9475.0,9325.0,4829.79726322,0.0,0.0,Neutral,7.930000000000001,5857.0
2020-06-15,8895.01,9499.0,9328.63,9432.53,18589.28586581,0.36250000000000004,-0.021875,Negative,8.71,6219.0
2020-06-16,9381.0,9592.04,9432.57,9526.25,10345.29526997,0.31770833333333337,0.09010416666666667,Positive,7.54,5829.0
2020-06-17,9227.03,9558.48,9526.25,9457.51,8937.92623229,0.0625,-0.0625,Negative,8.19,6120.0
2020-06-18,9267.18,9482.66,9457.51,9376.14,6300.5664912,0.15000000000000002,0.0875,Positive,6.890000000000001,6340.0
2020-06-19,9229.0,9430.0,9376.14,9301.91,7871.9637482,0.36620370370370364,0.140625,Positive,6.76,5849.0
2020-06-20,9161.0,9391.71,9300.42,9355.74,6900.60934146,0.11898148148148148,0.007407407407407406,Positive,7.41,5842.0
2020-06-21,9273.0,9419.35,9355.74,9286.14,3088.66849893,0.10740740740740741,-0.05462962962962963,Negative,6.11,5773.0
2020-06-22,9267.58,9792.0,9286.14,9690.74,11775.73858785,0.5355555555555556,0.3811111111111112,Positive,8.19,6467.0
2020-06-23,9572.22,9724.53,9690.67,9623.56,7946.97355694,0.30833333333333335,0.225,Positive,8.06,6693.0
2020-06-24,9195.0,9663.38,9623.56,9285.91,13410.75869027,0.16176252319109463,0.07603896103896103,Positive,7.800000000000001,5974.0
2020-06-25,8979.07,9335.0,9285.94,9243.51,13529.05626726,0.16025641025641027,0.02564102564102564,Positive,8.19,5841.0
2020-06-26,9027.62,9291.73,9242.98,9155.42,10702.37319002,0.29444444444444445,0.16203703703703706,Positive,7.800000000000001,6051.0
2020-06-27,8815.01,9188.14,9155.42,9002.46,8507.26840968,0.3666931216931217,0.21511904761904763,Positive,7.15,5447.0
2020-06-28,8931.77,9189.0,9002.38,9113.24,5537.7575057,0.34004761904761904,0.04094805194805194,Positive,7.15,5774.0
2020-06-29,9014.0,9236.75,9113.23,9184.45,8658.42672493,0.5611022927689595,0.12888888888888891,Positive,7.930000000000001,5786.0
2020-06-30,9059.6,9201.0,9188.79,9136.2,6820.86740899,0.2421969696969697,0.10757575757575757,Positive,7.15,6301.0
2020-07-01,9088.0,9297.2,9135.91,9239.97,7550.15999655,0.20717329545454546,0.13707386363636365,Positive,5.98,6932.0
2020-07-02,8938.0,9265.0,9239.41,9091.53,10774.18558946,0.6292592592592593,0.22666666666666666,Positive,5.720000000000001,5969.0
2020-07-03,9036.74,9126.12,9091.98,9063.87,7738.46972112,0.23926767676767677,0.17386363636363636,Positive,4.94,5866.0
2020-07-04,9039.84,9195.84,9059.73,9138.51,5300.78823324,0.4150510204081632,0.25025510204081636,Positive,5.2,5377.0
2020-07-05,8905.84,9145.0,9138.51,9074.39,4601.32645918,0.0,0.0,Neutral,4.55,5292.0
2020-07-06,9061.59,9375.9,9074.37,9343.31,9959.28200198,0.225,0.025,Positive,5.46,5978.0
2020-07-07,9201.57,9379.34,9343.31,9253.94,6326.83865418,0.15555555555555556,0.06944444444444443,Positive,5.720000000000001,6579.0
2020-07-08,9232.2,9475.0,9253.94,9435.28,10135.31536748,0.6470959595959596,0.21912878787878787,Positive,5.720000000000001,6785.0
2020-07-09,9154.79,9446.62,9435.28,9236.95,8450.14110132,0.2904040404040404,0.20612373737373738,Positive,5.720000000000001,6907.0
2020-07-10,9118.0,9322.23,9236.95,9291.05,6892.47061091,0.21711309523809524,-0.04903273809523809,Negative,6.11,6304.0
2020-07-11,9182.35,9303.04,9291.04,9235.0,3369.21728725,0.6392597853535353,0.08282828282828282,Positive,5.33,5994.0
2020-07-12,9159.33,9347.53,9235.0,9303.37,5419.21357745,0.0,0.0,Neutral,6.1499999999999995,7269.0
2020-07-13,9193.52,9339.61,9303.38,9236.92,8698.43618823,0.47222222222222227,0.2638888888888889,Positive,6.75,8150.0
2020-07-14,9100.0,9280.0,9236.91,9256.94,7497.56309216,0.23541666666666666,0.06875,Positive,7.35,10336.0
2020-07-15,9154.01,9273.98,9256.94,9190.16,7196.32866271,0.308704390847248,0.1319128787878788,Positive,9.0,12225.0
2020-07-16,9005.0,9216.02,9190.8,9130.11,8765.69858912,0.33825396825396825,0.04004208754208754,Positive,10.049999999999999,16964.0
2020-07-17,9054.99,9182.99,9130.93,9154.29,6423.74716202,0.354928404928405,0.24647852147852148,Positive,7.8,17078.0
2020-07-18,9122.65,9210.0,9154.29,9175.85,4121.62697417,0.18916666666666665,0.2233333333333333,Positive,7.05,13425.0
2020-07-19,9105.37,9245.03,9175.83,9212.87,3520.07247613,0.0,0.0,Neutral,5.2,13702.0
2020-07-20,9131.0,9223.51,9214.01,9161.05,5815.33084221,0.5166666666666667,0.08958333333333332,Positive,5.2,13855.0
2020-07-21,9157.04,9438.0,9161.05,9394.14,9603.9151125,0.375,0.125,Positive,5.720000000000001,14370.0
2020-07-22,9277.0,9567.77,9394.14,9536.18,10362.35264843,0.08583333333333334,0.0325,Positive,6.11,19095.0
2020-07-23,9450.04,9686.0,9536.2,9613.24,12992.9719195,0.3333333333333333,0.0,Neutral,6.63,22765.0
2020-07-24,9475.7,9645.55,9613.24,9551.21,9798.89346586,0.31181818181818177,0.03704545454545455,Positive,5.8500000000000005,11893.0
2020-07-25,9536.64,9747.76,9551.21,9711.33,6973.11089437,0.4583333333333333,-0.16666666666666666,Negative,6.37,13391.0
2020-07-26,9661.35,10150.0,9711.79,9941.0,11615.0460936,0.0,0.0,Neutral,11.96,13741.0
2020-07-27,9935.0,11420.0,9941.0,11048.91,41850.57309953,0.0,0.0,Neutral,23.0,17750.0
2020-07-28,10575.0,11259.0,11048.05,10934.23,26011.37513947,0.0,0.0,Neutral,22.310000000000002,18046.0
2020-07-29,10843.47,11350.0,10934.22,11110.12,18556.27794282,0.1909722222222222,-0.061111111111111116,Negative,16.1,14763.0
2020-07-30,10811.0,11188.65,11108.16,11115.95,12408.70410754,0.17078823953823952,0.055095598845598844,Positive,15.41,26990.0
2020-07-31,10975.0,11460.0,11115.99,11351.62,15747.02174952,0.33,0.065,Positive,15.41,12600.0
2020-08-01,11237.82,11888.0,11351.61,11810.07,18293.12524307,0.2847470238095238,0.09293154761904762,Positive,16.79,13248.0
2020-08-02,10546.15,12134.29,11810.07,11068.54,28118.42911355,0.0,0.0,Neutral,21.0,13353.0
2020-08-03,10911.74,11486.6,11067.46,11233.13,13783.34037417,0.4666666666666666,0.18333333333333332,Positive,14.7,13660.0
2020-08-04,11006.16,11417.11,11233.16,11197.04,12074.47851394,0.18006944444444445,0.046927083333333335,Positive,13.44,15395.0
2020-08-05,11073.7,11798.87,11197.05,11756.75,16637.78082145,0.34833333333333333,0.050833333333333355,Positive,13.65,28791.0
2020-08-06,11580.19,11916.68,11756.75,11773.89,18053.08146864,0.275,0.0625,Positive,14.07,12592.0
2020-08-07,11350.0,11920.0,11773.89,11606.52,23761.51075422,1.0,1.0,Positive,13.229999999999999,11651.0
2020-08-08,11529.45,11818.18,11606.52,11774.98,7315.88456116,0.0,0.0,Neutral,12.18,11690.0
2020-08-09,11532.04,11810.24,11773.24,11688.48,7595.96106535,0.6,0.25,Positive,9.719999999999999,11631.0
2020-08-10,11470.01,12086.22,11688.25,11899.73,22152.58893673,0.329040404040404,0.16565656565656564,Positive,12.6,14518.0
2020-08-11,11120.0,11943.0,11899.87,11388.53,20706.60991744,0.2484848484848485,0.04015151515151515,Positive,11.879999999999999,19020.0
2020-08-12,11148.54,11625.0,11388.88,11566.45,12809.98917913,0.1875,0.2,Positive,9.719999999999999,7876.0
2020-08-13,11274.14,11802.09,11566.44,11795.95,15369.40392513,0.184375,0.021875,Positive,10.98,10887.0
2020-08-14,11651.24,11865.97,11795.95,11779.0,13797.82000137,0.20250000000000004,0.1075,Positive,10.62,9255.0
2020-08-15,11688.0,11989.98,11777.5,11859.24,12567.03859346,0.3851471861471861,0.05451082251082251,Positive,10.26,11138.0
2020-08-16,11686.53,11940.0,11860.02,11918.84,8911.25397878,0.0,0.0,Neutral,8.84,25458.0
2020-08-17,11775.0,12486.61,11918.84,12304.26,23814.66050181,0.16011904761904763,0.08154761904761905,Positive,12.24,17640.0
2020-08-18,11825.0,12400.0,12303.98,11950.0,18628.91287504,0.55,0.35,Positive,11.22,8281.0
2020-08-19,11569.0,12024.83,11954.22,11758.87,16646.31489492,0.3333333333333333,0.03333333333333333,Positive,9.520000000000001,8295.0
2020-08-20,11671.48,11892.16,11758.87,11864.26,8801.17750309,0.5511363636363636,0.1278409090909091,Positive,9.01,9695.0
2020-08-21,11480.0,11884.99,11864.26,11529.22,14865.37875873,0.24166666666666667,0.0,Neutral,9.350000000000001,15514.0
2020-08-22,11370.0,11693.16,11529.99,11672.93,7946.02465327,0.0,0.0,Neutral,8.33,7763.0
2020-08-23,11525.62,11715.0,11672.92,11650.01,5516.17048181,0.0,0.0,Neutral,5.720000000000001,14765.0
2020-08-24,11592.91,11823.62,11650.01,11753.85,7253.01922609,0.28666666666666674,0.18666666666666668,Positive,5.8500000000000005,8083.0
2020-08-25,11102.73,11769.76,11753.26,11324.92,14348.63533296,0.2,0.0875,Positive,6.24,11592.0
2020-08-26,11254.89,11539.99,11324.92,11463.27,9124.5541845,0.5552910052910053,0.04093915343915345,Positive,6.37,8517.0
2020-08-27,11125.0,11597.92,11463.27,11330.06,13517.39421459,0.0,0.0,Neutral,5.33,16138.0
2020-08-28,11282.09,11550.51,11330.56,11535.0,10373.89590327,0.2642857142857143,0.08333333333333334,Positive,5.720000000000001,8093.0
2020-08-29,11422.21,11580.0,11535.0,11474.31,5417.54146196,0.41547619047619044,0.25595238095238093,Positive,5.33,6712.0
2020-08-30,11463.87,11720.0,11474.3,11716.01,5594.22582376,0.0,0.0,Neutral,7.05,6355.0
2020-08-31,11576.0,11784.66,11716.0,11655.0,9123.59353747,0.28541666666666665,0.17291666666666664,Positive,6.1499999999999995,14344.0
2020-09-01,11525.09,12086.0,11655.0,11924.22,16057.64432384,0.5,0.18166666666666667,Positive,13.35,7559.0
2020-09-02,11160.0,11950.0,11924.22,11395.48,19721.44316904,0.1597222222222222,-0.06250000000000001,Negative,13.049999999999999,8578.0
2020-09-03,10005.0,11474.99,11395.49,10172.52,30364.24398441,0.0,0.0,Neutral,14.399999999999999,8456.0
2020-09-04,9895.22,10638.34,10172.13,10500.05,23366.46467779,0.2604166666666667,0.15625,Positive,13.95,7569.0
2020-09-05,9813.0,10564.8,10500.05,10168.36,22450.75807716,0.15666666666666668,0.10166666666666666,Positive,15.0,6546.0
2020-09-06,10000.0,10358.88,10169.58,10257.86,9516.19303239,0.0,0.0,Neutral,10.66,13428.0
2020-09-07,9880.0,10410.9,10258.67,10375.0,11996.92866276,0.4821428571428572,0.13075396825396826,Positive,11.05,9377.0
2020-09-08,9819.83,10440.91,10375.0,10125.69,15768.31017626,0.41540178571428577,0.26875,Positive,10.92,13005.0
2020-09-09,9983.34,10349.99,10126.41,10224.56,9645.50409232,0.5002645502645503,-0.11640211640211644,Negative,10.4,9108.0
2020-09-10,10216.41,10489.0,10224.56,10343.23,11237.01908035,0.33958333333333335,0.17363636363636364,Positive,10.4,11849.0
2020-09-11,10200.0,10411.44,10344.24,10394.41,7200.29156246,0.22799999999999998,0.17666666666666667,Positive,9.23,17333.0
2020-09-12,10276.19,10483.23,10394.41,10446.52,6495.30033616,0.3333333333333333,0.16666666666666666,Positive,8.71,10528.0
2020-09-13,10211.0,10582.36,10446.52,10336.76,10442.19360563,0.49166666666666664,-0.1,Negative,8.28,11313.0
2020-09-14,10253.0,10760.62,10336.76,10679.95,13532.95018331,0.25707070707070706,0.05656565656565657,Positive,7.92,11619.0
2020-09-15,10613.18,10950.0,10678.41,10783.75,12634.3292873,0.2779592803030303,0.06995738636363634,Positive,9.12,12835.0
2020-09-16,10662.02,11099.95,10783.36,10959.61,11003.70130082,0.3385568181818182,0.2009583333333334,Positive,9.12,10430.0
2020-09-17,10735.55,11044.0,10957.06,10943.61,8885.4490645,0.2844444444444444,-0.019444444444444445,Negative,9.0,7969.0
2020-09-18,10813.0,11039.88,10943.99,10937.52,8660.059472,0.5125,0.4,Positive,7.4399999999999995,9750.0
2020-09-19,10891.78,11179.9,10937.5,11080.0,5718.02211829,0.0,0.0,Neutral,8.52,9085.0
2020-09-20,10759.37,11081.37,11081.09,10920.89,6003.78509052,0.0,0.0,Neutral,7.26,9280.0
2020-09-21,10180.0,10994.0,10920.94,10416.82,15004.71121349,0.20247113997113997,0.1386183261183261,Positive,8.03,7271.0
2020-09-22,10355.0,10576.82,10416.83,10531.13,7904.25642443,0.2381818181818182,0.20212121212121215,Positive,7.15,6860.0
2020-09-23,10135.22,10541.25,10531.13,10235.1,8893.24233647,0.0,0.0,Neutral,7.37,11125.0
2020-09-24,10192.56,10795.87,10237.41,10740.01,9678.39349807,0.140625,0.07954545454545454,Positive,7.7,6561.0
2020-09-25,10551.0,10765.07,10740.0,10690.53,9690.62760986,0.43534564393939396,0.12556818181818177,Positive,7.92,7189.0
2020-09-26,10654.58,10828.0,10690.53,10730.0,3783.39739972,0.6851010101010101,0.19147727272727275,Positive,8.25,7026.0
2020-09-27,10595.24,10806.32,10730.0,10778.2,3880.03686062,0.599047619047619,0.2866666666666667,Positive,5.9,6598.0
2020-09-28,10621.22,10956.11,10779.0,10695.55,8876.06156838,0.0,0.0,Neutral,6.7,11676.0
2020-09-29,10636.13,10860.79,10694.9,10840.73,8200.78265336,0.3304987373737374,0.06667613636363637,Positive,6.9,8401.0
2020-09-30,10657.04,10847.0,10839.98,10779.63,6318.52943807,0.1875,0.2,Positive,6.300000000000001,8170.0
2020-10-01,10427.75,10931.98,10779.63,10617.63,12848.73637335,0.3282407407407407,-0.013888888888888895,Negative,4.0,9502.0
2020-10-02,10363.76,10668.56,10616.35,10573.12,10263.48290265,0.5583333333333333,0.159375,Positive,4.1000000000000005,5670.0
2020-10-03,10498.02,10606.36,10573.12,10551.65,3211.70459291,0.29583333333333334,0.17500000000000002,Positive,3.9000000000000004,6717.0
2020-10-04,10521.87,10697.0,10550.32,10671.11,3569.25620166,0.0,0.0,Neutral,3.85,5612.0
2020-10-05,10621.12,10800.0,10670.01,10795.0,6081.38701926,0.4395454545454545,0.17386363636363636,Positive,4.84,7821.0
2020-10-06,10524.0,10800.0,10796.97,10602.66,7596.36372031,0.311489898989899,-0.07474747474747474,Negative,5.06,7376.0
2020-10-07,10546.78,10683.75,10601.2,10670.47,6108.04255109,0.24833333333333332,0.17242897727272727,Positive,4.62,7584.0
2020-10-08,10532.11,10963.16,10670.47,10933.09,11301.25106194,0.3693452380952381,0.18503787878787878,Positive,5.28,7652.0
2020-10-09,10834.49,11111.11,10932.44,11057.07,10098.3991552,0.3443181818181818,0.042045454545454546,Positive,5.72,7932.0
2020-10-10,11055.75,11498.98,11057.07,11299.5,9312.75916488,0.8416666666666667,0.4041666666666666,Positive,6.05,10673.0
2020-10-11,11276.28,11444.25,11299.52,11374.01,5163.46475688,0.375,0.27499999999999997,Positive,5.8500000000000005,8588.0
2020-10-12,11187.6,11736.02,11374.01,11535.46,11056.91558046,0.0,0.0,Neutral,7.0200000000000005,10884.0
2020-10-13,11312.59,11561.45,11535.46,11428.22,8639.21277154,0.32705627705627704,0.05335497835497834,Positive,7.0200000000000005,10722.0
2020-10-14,11290.83,11556.37,11428.22,11427.7,7078.70152873,0.1,0.0,Neutral,6.37,7511.0
2020-10-15,11263.15,11641.38,11427.7,11509.34,8538.52039637,0.28761022927689595,0.15748556998557,Positive,7.0200000000000005,10117.0
2020-10-16,11201.0,11550.01,11509.31,11328.95,9505.26615373,0.35833333333333334,0.020833333333333332,Positive,5.8500000000000005,9261.0
2020-10-17,11264.75,11421.0,11328.27,11367.89,3586.1455215,0.0,0.0,Neutral,5.720000000000001,28224.0
2020-10-18,11350.37,11523.0,11367.9,11514.2,4352.09499051,0.6681818181818181,0.5204545454545455,Positive,8.64,6860.0
2020-10-19,11416.04,11833.0,11514.2,11760.45,10313.23447344,0.0,0.0,Neutral,8.28,10637.0
2020-10-20,11685.0,12050.0,11760.45,11923.83,13840.02481291,0.2951862373737374,0.18371212121212122,Positive,10.44,11878.0
2020-10-21,11900.01,13250.04,11923.07,12808.0,32404.63293167,0.2865340909090909,0.13564078282828282,Positive,17.64,10608.0
2020-10-22,12698.02,13200.0,12808.01,12987.02,20337.78966446,0.6166666666666667,-0.125,Negative,18.0,11252.0
2020-10-23,12722.72,13037.0,12988.2,12937.09,10450.87207186,0.4708333333333334,0.3083333333333333,Positive,12.24,13494.0
2020-10-24,12884.31,13175.0,12938.0,13126.24,7915.34663475,0.0,0.0,Neutral,11.34,19937.0
2020-10-25,12890.76,13361.0,13126.34,13045.0,9276.17719938,0.0,0.0,Neutral,11.34,8772.0
2020-10-26,12785.0,13250.0,13045.02,13068.79,12275.35826032,0.2,-0.15,Negative,12.42,9594.0
2020-10-27,13061.28,13793.72,13068.79,13698.18,17267.43967837,0.31080246913580245,0.10833333333333334,Positive,14.94,8752.0
2020-10-28,12891.57,13863.87,13740.85,13281.05,21073.3766776,0.39925925925925926,0.42000000000000004,Positive,14.94,8566.0
2020-10-29,12976.29,13650.0,13281.06,13460.0,15796.07667651,0.6125,0.30625,Positive,13.68,7285.0
2020-10-30,13131.31,13687.82,13460.0,13571.51,15664.29047538,0.0,0.0,Neutral,12.059999999999999,10028.0
2020-10-31,13424.73,14098.92,13571.51,13804.81,12166.30429818,0.5896825396825397,0.011904761904761899,Positive,13.5,9982.0
2020-11-01,13630.05,13906.74,13803.69,13771.59,6252.00619492,0.0,0.0,Neutral,7.199999999999999,8993.0
2020-11-02,13215.0,13840.0,13771.7,13563.22,12191.83070954,0.14166666666666666,0.008333333333333331,Positive,6.3,9019.0
2020-11-03,13290.0,14081.45,13563.22,14035.8,13965.78812958,0.16666666666666666,0.0,Neutral,7.02,9501.0
2020-11-04,13530.01,14273.6,14034.35,14161.48,16894.77786852,0.2335858585858586,0.12979797979797983,Positive,5.04,8224.0
2020-11-05,14115.0,15775.0,14165.86,15608.21,31865.97472203,0.3153835978835979,0.1354761904761905,Positive,9.18,10395.0
2020-11-06,15190.36,15977.67,15608.06,15599.95,25150.39252742,0.1488095238095238,0.047619047619047616,Positive,10.62,11423.0
2020-11-07,14310.0,15779.24,15599.95,14834.09,23552.06912628,0.9111111111111111,0.07777777777777777,Positive,7.56,9263.0
2020-11-08,14721.9,15666.0,14834.09,15482.9,11856.3281802,0.0,0.0,Neutral,8.0,7229.0
2020-11-09,14817.14,15856.9,15482.89,15342.25,21951.27612698,0.8,0.6,Positive,9.0,9298.0
2020-11-10,15090.08,15481.06,15342.1,15315.03,13489.67510052,0.225,0.0875,Positive,8.200000000000001,8692.0
2020-11-11,15293.04,16000.0,15315.46,15705.79,15257.35722584,0.16727272727272727,0.04727904040404041,Positive,8.200000000000001,9380.0
2020-11-12,15446.82,16370.89,15705.79,16310.81,22153.73849401,0.2388888888888889,0.08055555555555555,Positive,9.8,10044.0
2020-11-13,15975.0,16491.92,16310.81,16339.56,14593.51518544,0.0,0.0,Neutral,10.8,10926.0
2020-11-14,15708.24,16339.6,16339.56,16082.01,9205.916488,0.09375,-0.0625,Negative,8.0,9428.0
2020-11-15,15796.09,16175.6,16082.01,15966.89,6250.07966791,0.0,0.0,Neutral,12.8,9276.0
2020-11-16,15879.0,16892.0,15970.0,16726.64,13948.30524238,0.264537037037037,0.027129629629629632,Positive,17.28,10425.0
2020-11-17,16575.42,17880.0,16726.49,17679.36,25230.22403641,0.260853872053872,0.1068161616161616,Positive,26.240000000000002,17191.0
2020-11-18,17205.02,18488.0,17679.86,17782.91,32425.98660226,0.2724242424242424,0.11207251082251082,Positive,31.36,19164.0
2020-11-19,17356.0,18193.29,17790.18,17821.58,17141.49267548,0.307,0.20049999999999998,Positive,23.36,17667.0
2020-11-20,17764.76,18830.3,17821.92,18675.25,17901.931678,0.18055555555555558,0.225,Positive,24.64,18066.0
2020-11-21,18350.0,18980.0,18677.84,18721.21,13604.27139959,0.2833333333333333,0.0625,Positive,24.96,18333.0
2020-11-22,17610.77,18773.56,18721.21,18437.66,15423.83816127,0.3976767676767677,0.2780808080808081,Positive,24.48,17692.0
2020-11-23,18001.0,18777.77,18437.18,18384.82,17655.66362172,0.28160714285714283,0.08535714285714287,Positive,23.04,19127.0
2020-11-24,18052.02,19469.0,18384.82,19172.84,26623.09452709,0.34376456876456873,0.10139860139860138,Positive,33.12,14116.0
2020-11-25,18502.0,19500.0,19172.9,18721.93,20485.39373121,0.28828712953712954,0.028199508824508834,Positive,28.799999999999997,12449.0
2020-11-26,16200.0,18915.48,18717.24,17170.0,48644.17078197,0.3181818181818182,0.17272727272727273,Positive,36.0,13510.0
2020-11-27,16400.0,17475.0,17169.99,17153.95,23333.98429789,0.18472222222222223,0.04027777777777778,Positive,27.72,12069.0
2020-11-28,16880.0,17933.25,17155.43,17739.85,13157.9519653,0.1800925925925926,0.10046296296296296,Positive,21.599999999999998,9834.0
2020-11-29,17535.26,18359.0,17736.1,18202.04,8932.25029132,0.175,0.025,Positive,17.490000000000002,9760.0
2020-11-30,18201.47,19873.23,18202.02,19713.94,27293.4791942,0.31629509379509385,0.21677444083694083,Positive,28.05,14326.0
2020-12-01,18109.0,19915.14,19713.94,18782.97,30442.86543674,0.3582561728395062,0.168287037037037,Positive,17.490000000000002,15703.0
2020-12-02,18335.0,19340.0,18778.18,19225.63,16227.13637423,0.4381887052341598,0.3108397284533648,Positive,12.870000000000001,12413.0
2020-12-03,18885.0,19625.64,19222.45,19448.64,14648.29683367,0.20981481481481482,0.04205387205387205,Positive,11.88,12568.0
2020-12-04,18576.05,19546.46,19446.43,18658.1,16382.87739223,0.26041666666666663,-0.005166666666666664,Negative,12.870000000000001,11886.0
2020-12-05,18501.0,19189.98,18658.09,19158.96,7082.22230272,0.17615151515151517,0.1328787878787879,Positive,10.56,10797.0
2020-12-06,18878.0,19430.25,19158.96,19375.6,6665.28189472,0.4036328125,0.1500390625,Positive,7.199999999999999,10989.0
2020-12-07,18901.0,19432.57,19375.6,19177.71,8977.45166263,0.11398809523809524,0.041666666666666664,Positive,7.68,11279.0
2020-12-08,18200.0,19299.51,19177.08,18316.22,15161.86263318,0.43227726574500774,0.23120199692780335,Positive,7.92,10711.0
2020-12-09,17639.0,18647.33,18316.22,18546.55,20667.36635634,0.2046825396825397,-0.054365079365079366,Negative,7.199999999999999,10818.0
2020-12-10,17905.0,18556.42,18546.55,18253.44,14899.20296937,0.4034511784511785,0.19166666666666665,Positive,7.68,12504.0
2020-12-11,17580.0,18293.08,18257.18,18042.15,16953.63356031,0.308,0.13341666666666668,Positive,6.72,17353.0
2020-12-12,18023.57,18955.34,18044.19,18821.28,8616.1725039,0.26207837301587295,0.10842652717652718,Positive,6.24,12187.0
2020-12-13,18730.0,19421.03,18821.28,19166.65,10624.20069187,0.20202584452584454,0.024632173382173383,Positive,10.08,11480.0
2020-12-14,18967.68,19349.98,19166.65,19272.37,9102.36972564,0.2168376068376068,0.018139083139083138,Positive,11.76,9489.0
2020-12-15,19051.27,19565.0,19272.37,19444.6,15345.21212651,0.2727689594356261,0.06473304473304473,Positive,12.6,9097.0
2020-12-16,19300.0,21569.94,19443.19,21359.65,33350.23500216,0.18749719416386082,0.01620650953984288,Positive,25.2,18098.0
2020-12-17,21252.01,23776.94,21360.5,22826.48,53602.34952384,0.1980113636363636,0.06502146464646466,Positive,42.0,30659.0
2020-12-18,22329.0,23280.0,22826.37,23137.76,24829.23581848,0.22709750566893425,0.07828798185941042,Positive,26.88,21784.0
2020-12-19,22770.0,24200.0,23138.89,23849.99,20577.66441198,0.48038744588744586,0.111488455988456,Positive,21.84,15795.0
2020-12-20,23100.0,24300.0,23850.0,23476.51,14963.41787144,0.2438034188034188,0.07350427350427349,Positive,19.6,15790.0
2020-12-21,21913.84,24118.75,23476.51,22729.4,25728.63855953,0.3287179487179487,0.0878846153846154,Positive,23.200000000000003,19601.0
2020-12-22,22380.05,23839.78,22729.4,23823.27,18597.6512303,0.3125594379165808,0.20621624407338693,Positive,20.0,18812.0
2020-12-23,22600.0,24090.0,23824.13,23228.35,23412.12172023,0.3920691287878788,0.18993844696969697,Positive,18.400000000000002,13206.0
2020-12-24,22712.89,23785.0,23226.18,23717.96,16440.75295146,0.36859584214235386,0.18526544514916607,Positive,17.2,10785.0
2020-12-25,23416.0,24770.95,23718.61,24704.71,15792.47583445,0.2523809523809524,0.18214285714285713,Positive,18.0,10212.0
2020-12-26,24490.01,26822.0,24704.71,26475.35,24782.44015598,0.1,0.1,Positive,25.200000000000003,14878.0
2020-12-27,25772.55,28387.0,26482.64,26258.65,33627.00745897,0.3583982683982684,0.16194805194805192,Positive,47.199999999999996,20470.0
2020-12-28,26086.19,27477.0,26255.16,27040.36,21265.70934972,0.37370064279155185,0.06041322314049588,Positive,40.71,20215.0
2020-12-29,25833.73,27396.77,27039.39,27366.35,20668.10433798,0.3540446335273921,0.061317112006767184,Positive,38.35,19226.0
2020-12-30,27311.73,29018.26,27366.35,28897.42,28181.49681491,0.2592851592851593,0.10083041958041958,Positive,44.839999999999996,20765.0
2020-12-31,28000.0,29321.9,28897.42,28990.08,28813.88691084,0.3270671526186231,0.13870789477407125,Positive,44.25,17291.0
2021-01-01,28700.0,29688.88,28990.08,29412.84,22211.25251806,0.40119653164296015,0.17515757060399917,Positive,18.88,14769.0
2021-01-02,29039.0,33300.0,29413.29,32225.91,46675.24652146,0.319422077922078,0.11592424242424243,Positive,37.169999999999995,31342.0
2021-01-03,32008.62,34810.0,32222.88,33080.66,36951.71650628,0.3510912698412698,0.12826336675020886,Positive,72.52,45570.0
2021-01-04,27678.0,33666.99,33082.84,32019.99,46045.38968508,0.06638888888888889,0.001111111111111109,Positive,58.8,35715.0
2021-01-05,29891.13,34499.67,32020.22,34030.64,42282.56920027,0.3770934411500449,0.13207553976421904,Positive,49.0,31211.0
2021-01-06,33352.54,37000.0,34043.91,36859.26,45744.10320015,0.3217489177489178,0.06832467532467534,Positive,52.92,31277.0
2021-01-07,36200.0,40425.0,36859.26,39505.56,50346.30569052,0.2411387823035551,0.12172930604748787,Positive,80.36,38824.0
2021-01-08,36565.08,41986.37,39510.55,40665.15,48522.48490272,0.30310076448374323,0.10203129317491018,Positive,86.24,41323.0
2021-01-09,38800.0,41406.94,40642.15,40257.43,27152.97102881,0.20101010101010103,0.10928030303030303,Positive,60.76,32684.0
2021-01-10,34444.0,41452.12,40257.43,38171.57,43736.57031589,0.22333333333333336,-0.031047619047619043,Negative,60.16,30354.0
2021-01-11,30100.0,38273.88,38168.89,35452.59,102503.15672849,0.37737603305785117,0.090599173553719,Positive,94.0,39161.0
2021-01-12,32500.0,36604.51,35456.89,34038.98,48227.62752035,0.41885795284380184,0.1453166435241907,Positive,68.61999999999999,35561.0
2021-01-13,32309.04,37888.0,34035.53,37393.66,39608.73718747,0.19272586980920314,0.06749368686868688,Positive,56.4,36200.0
2021-01-14,36751.11,40127.66,37393.67,39125.14,31868.76049365,0.17634842634842632,0.08812302562302561,Positive,58.279999999999994,39336.0
2021-01-15,34298.93,39697.0,39123.05,36754.67,36421.05918785,0.2263518808777429,0.07798458725182865,Positive,50.76,34543.0
2021-01-16,35372.59,37948.0,36754.6,36006.94,20861.42545209,0.2982905982905983,0.10064102564102564,Positive,38.54,29937.0
2021-01-17,33850.03,36860.0,36004.8,35820.0,19182.04934663,0.17790297937356764,0.0077196333078686065,Positive,24.599999999999998,26937.0
2021-01-18,34736.46,37402.0,35820.01,36624.23,16609.64108414,0.16524651274651272,0.059683742183742186,Positive,21.599999999999998,22886.0
2021-01-19,35895.11,37857.0,36624.23,35917.28,18904.77910604,0.22428656311009249,0.07868071471012647,Positive,22.8,22511.0
2021-01-20,33387.01,36415.34,35921.91,35503.09,25445.70800774,0.3029431216931217,0.1357473544973545,Positive,22.8,18511.0
2021-01-21,30011.0,35628.24,35498.85,30855.95,50473.11375071,0.331165514592934,0.05314801238188335,Positive,28.2,20415.0
2021-01-22,28732.0,33867.0,30855.9,32984.93,48155.72161708,0.30708890374331554,0.05017936720142603,Positive,31.799999999999997,23452.0
2021-01-23,31432.19,33488.79,32982.66,32112.01,16139.81478284,0.28609814923917487,0.10064101793268461,Positive,20.4,18124.0
2021-01-24,30931.21,33086.53,32110.0,32288.56,13618.80097809,0.19937499999999997,0.11458333333333334,Positive,16.529999999999998,16868.0
2021-01-25,31920.8,34888.0,32293.18,32261.87,23045.66293389,0.3425378787878788,0.10280303030303031,Positive,17.669999999999998,18589.0
2021-01-26,30830.0,32960.37,32260.52,32510.82,23535.83891688,0.24653954802259892,0.11228813559322036,Positive,18.81,16840.0
2021-01-27,29156.0,32584.62,32510.82,30407.13,46207.08537355,0.263875690704959,-0.029238376799352414,Negative,19.95,17658.0
2021-01-28,29902.14,34000.0,30414.11,33488.99,36007.06269488,0.3219575085109066,0.06996910856134154,Positive,22.799999999999997,21374.0
2021-01-29,31990.0,38570.13,33487.92,34262.11,72641.07974951,0.3016544011544011,0.049379148629148634,Positive,37.05,37777.0
2021-01-30,32852.86,34900.0,34262.11,34315.63,21362.15173754,0.35185185185185186,-0.08263888888888889,Negative,21.659999999999997,28302.0
2021-01-31,32200.0,34387.75,34315.63,33137.74,16436.39757593,0.20550379572118704,0.07196342305037957,Positive,17.68,23922.0
2021-02-01,32333.0,34728.57,33137.75,33533.19,21975.41378272,0.28462121212121205,0.03491841491841491,Positive,19.240000000000002,22522.0
2021-02-02,33450.0,36000.0,33534.39,35512.67,19995.83908338,0.2510381533888996,0.04628206370743686,Positive,19.76,21140.0
2021-02-03,35393.8,37723.72,35513.0,37678.37,23781.96945181,0.3744461019461019,0.16000702000701997,Positive,19.240000000000002,21409.0
2021-02-04,36156.45,38769.0,37688.42,36975.0,31699.36292316,0.288318821330185,0.1506930834317198,Positive,20.28,22911.0
2021-02-05,36605.87,38349.0,36976.59,38311.49,17842.70173175,0.24451839826839827,0.09204996392496392,Positive,19.240000000000002,20365.0
2021-02-06,38250.0,41000.0,38327.09,39265.43,27102.80602941,0.233325259396688,0.07104525985478366,Positive,23.92,21211.0
2021-02-07,37371.35,39737.83,39266.1,38871.42,20297.87256102,0.3523423798423798,0.09924168424168425,Positive,35.2,21301.0
2021-02-08,38057.01,46750.0,38871.43,46448.1,47934.0103883,0.26183238636363637,0.04752367424242425,Positive,79.2,52147.0
2021-02-09,45020.0,48200.0,46453.66,46514.73,36418.79365116,0.3000829475308642,0.14960262345679012,Positive,88.0,63691.0
2021-02-10,43706.86,47349.99,46514.73,44850.0,25818.01157857,0.2819502005347593,0.1164226827094474,Positive,56.32,44938.0
2021-02-11,44011.0,48690.0,44850.0,47997.91,26222.60477552,0.18591575091575088,0.0476046176046176,Positive,52.8,40053.0
2021-02-12,46300.0,48912.0,47993.6,47408.34,23503.15583529,0.22595659989727787,0.05094375963020031,Positive,51.92,35509.0
2021-02-13,46300.0,48199.0,47408.34,47232.45,12020.8773325,0.2837101170434504,0.053609507776174445,Positive,43.12,30374.0
2021-02-14,47100.13,49700.0,47240.75,48680.69,15146.55244091,0.23914414414414412,0.13863363363363362,Positive,44.37,29969.0
2021-02-15,45768.46,49093.44,48667.23,47936.37,19432.15278111,0.2232608035239614,0.043291941976152506,Positive,46.11,32253.0
2021-02-16,47051.22,50645.0,47935.66,49158.71,23053.20561135,0.29845089550971904,0.06929483914778033,Positive,55.68,39196.0
2021-02-17,48942.87,52640.35,49141.43,52170.01,25675.171441,0.25842105263157894,0.0707127192982456,Positive,57.42,39615.0
2021-02-18,50875.0,52549.99,52170.01,51601.73,15689.40275173,0.29319163860830527,0.18210272366522365,Positive,53.07,34127.0
2021-02-19,50725.0,56370.05,51596.0,55983.56,27961.48197104,0.2359587471352177,0.04497518514981752,Positive,63.51,37709.0
2021-02-20,54000.1,57563.57,55983.57,55923.52,22137.82194494,0.18882451749639248,0.023793684613997113,Positive,70.47,42413.0
2021-02-21,55531.23,58367.0,55921.44,57489.16,13530.43444443,0.2317731829573935,0.023417919799498744,Positive,58.08,37726.0
2021-02-22,46616.0,57577.69,57489.16,54142.13,49449.16575779,0.2069590643274854,0.06840111642743221,Positive,64.24,38688.0
2021-02-23,44888.08,54206.22,54125.67,48899.99,72300.585728,0.2235200599064235,0.0732123343827889,Positive,84.48,39086.0
2021-02-24,47002.0,51415.41,48899.99,49737.82,30732.14949499,0.2982686988936989,0.07345354587542087,Positive,59.84,34430.0
2021-02-25,46700.0,52107.83,49737.81,47058.48,28011.20414657,0.26245816683316686,0.09250416250416252,Positive,46.64,29078.0
2021-02-26,44150.0,48464.64,47063.9,46326.2,36048.6181927,0.328316177649511,0.0812972582972583,Positive,47.52,28172.0
2021-02-27,45055.0,48356.86,46319.79,46180.75,16290.28071728,0.1380434782608696,0.035507246376811595,Positive,38.72,26804.0
2021-02-28,43016.0,46656.0,46169.92,45231.75,22745.60600179,0.19545454545454544,0.14545454545454548,Positive,29.58,26728.0
2021-03-01,45042.13,49829.0,45231.74,49639.4,25068.25043716,0.27933706816059756,0.10174369747899159,Positive,56.839999999999996,26209.0
2021-03-02,47075.11,50250.0,49635.3,48511.6,17063.56302004,0.22313788394145534,0.0938332302618017,Positive,51.62,23099.0
2021-03-03,48161.75,52666.0,48502.18,50360.0,21301.47723933,0.2275641025641025,0.13253205128205128,Positive,47.559999999999995,21178.0
2021-03-04,47502.0,51798.33,50370.33,48368.52,23386.97957577,0.26458333333333334,0.06746031746031746,Positive,46.4,20273.0
2021-03-05,46219.32,49473.99,48370.97,48769.47,25468.18029576,0.17179951690821255,0.01099033816425121,Positive,48.13999999999999,23968.0
2021-03-06,47077.0,49210.0,48766.01,48909.84,11877.83755909,0.12918313570487486,0.06353754940711463,Positive,38.86,20644.0
2021-03-07,48909.83,51459.0,48909.84,50978.61,13965.15473114,0.0685374149659864,-0.009183673469387756,Negative,39.33,19495.0
2021-03-08,49328.62,52425.0,50976.22,52415.23,18856.28684439,0.2817141842532467,0.0451856737012987,Positive,46.739999999999995,20180.0
2021-03-09,51845.01,54936.0,52413.17,54916.38,21177.14953983,0.2891331227016711,0.09589617371875435,Positive,48.449999999999996,22159.0
2021-03-10,53025.0,57402.14,54921.61,55890.69,28326.07770941,0.17038814647510303,0.06305053642010164,Positive,48.449999999999996,21564.0
2021-03-11,54283.0,58113.0,55888.7,57815.47,24369.21216789,0.2231885268727373,0.033826928432191594,Positive,47.879999999999995,20134.0
2021-03-12,55050.0,58065.92,57820.15,57225.91,21760.53824103,0.26966444750535656,0.05302456382001836,Positive,45.029999999999994,20523.0
2021-03-13,56083.74,61788.45,57220.84,61178.5,22301.28588901,0.27941452569169956,0.14116765480895915,Positive,56.99999999999999,23537.0
2021-03-14,58950.0,61680.0,61181.38,58972.7,13581.96759058,0.18032523649190316,0.023184563892897234,Positive,53.01,28552.0
2021-03-15,54568.0,60601.07,58972.71,55636.15,31651.39184131,0.2531695694486392,0.10938789892278264,Positive,51.87,25319.0
2021-03-16,53221.0,56970.0,55629.08,56927.11,24432.37878722,0.2054054054054054,0.06970720720720722,Positive,47.879999999999995,22490.0
2021-03-17,54138.01,58996.38,56924.26,58925.54,22687.57433043,0.31762229210342413,0.14235849056603772,Positive,47.879999999999995,20265.0
2021-03-18,56996.15,60100.0,58925.54,57644.95,21459.4962399,0.22137775605517543,0.08900293255131964,Positive,47.309999999999995,20216.0
2021-03-19,56260.0,59461.99,57644.95,58039.66,16429.629743,0.33278769841269845,0.13482142857142856,Positive,39.33,18465.0
2021-03-20,57827.97,59928.0,58026.91,58116.7,9725.28123717,0.14587466931216933,0.01254133597883598,Positive,36.48,15983.0
2021-03-21,55543.89,58651.22,58126.34,57363.32,11841.63877891,0.3119047619047618,0.16895604395604394,Positive,30.16,15402.0
2021-03-22,53739.5,58421.68,57377.29,54110.07,19512.15647151,0.3304300069143819,0.06222145186988936,Positive,37.44,16910.0
2021-03-23,53000.0,55858.0,54111.49,54345.54,19221.75674,0.22508367993662107,0.06785105961576549,Positive,40.04,17107.0
2021-03-24,51673.82,57209.97,54333.27,52276.16,23775.21362623,0.3238554974835462,0.10874225706542778,Positive,44.2,23756.0
2021-03-25,50305.0,53238.0,52259.69,51325.01,29642.04415588,0.27277917705190424,0.06300157418339236,Positive,47.32,20848.0
2021-03-26,51250.0,55125.13,51320.76,55072.44,17843.00738205,0.25062608225108224,0.06646699134199134,Positive,37.44,17157.0
2021-03-27,53966.0,56640.0,55080.9,55856.53,11333.33349523,0.2124775985663082,0.030645161290322586,Positive,32.24,19446.0
2021-03-28,54701.0,56587.08,55856.54,55778.82,9235.80302347,0.2630485893416928,0.09231974921630094,Positive,30.68,22469.0
2021-03-29,54900.0,58400.0,55781.22,57613.48,17552.36885101,0.23021271008403357,0.07945290616246498,Positive,37.44,22410.0
2021-03-30,57000.0,59397.48,57613.76,58786.46,15105.07669026,0.3029185867895545,0.10395545314900154,Positive,35.88,20677.0
2021-03-31,56873.8,59800.0,58786.46,58800.0,17376.62672814,0.27735116950233224,0.12138536528071411,Positive,37.44,18699.0
2021-04-01,57930.0,59474.94,58800.01,58726.48,11096.33004907,0.33472663139329817,0.1406529008909961,Positive,39.52,25512.0
2021-04-02,58441.88,60055.02,58726.47,58981.04,10966.93017846,0.26651274651274653,0.15885296416546418,Positive,27.04,18312.0
2021-04-03,56943.0,59752.0,58981.04,57094.34,8405.26400491,0.22537154554200012,0.07028327102190739,Positive,22.36,16802.0
2021-04-04,56478.53,58500.0,57094.34,58215.94,6301.43187883,0.20428621765831068,0.11814909896305248,Positive,18.06,15150.0
2021-04-05,56817.64,59251.76,58216.73,59123.02,9204.86323941,0.30140142162364386,0.10117674095451873,Positive,19.78,17115.0
2021-04-06,57333.33,59475.0,59134.07,58019.98,10354.33014603,0.30409807025478663,0.11117386552088047,Positive,20.21,18490.0
2021-04-07,55400.0,58630.0,58021.67,55955.75,17787.29445084,0.3175134730589276,0.16474681883772793,Positive,18.919999999999998,17523.0
2021-04-08,55700.0,58152.0,55962.67,58083.1,8073.59731731,0.2234060299111319,0.059803957380488,Positive,21.07,18200.0
2021-04-09,57670.51,58869.69,58083.1,58092.68,8094.74629652,0.2977005772005772,0.10592456045416572,Positive,17.2,16809.0
2021-04-10,57875.41,61218.97,58092.68,59778.6,12817.81106734,0.2613260537141135,0.09758011888608904,Positive,19.78,16747.0
2021-04-11,59177.06,60658.89,59778.59,59985.26,7278.96516665,0.34768165420438146,0.1392045126590581,Positive,28.52,17795.0
2021-04-12,59369.0,61199.0,59983.66,59839.82,11467.72752999,0.26397569553366645,0.09942060355103831,Positive,29.14,17856.0
2021-04-13,59799.01,63774.39,59836.88,63588.22,17897.76603088,0.32113397922473264,0.16306532793690326,Positive,42.16,21536.0
2021-04-14,61277.91,64899.0,63588.22,62971.8,22570.84113444,0.34275263409961676,0.1212182607064072,Positive,48.98,26606.0
2021-04-15,62036.73,63831.82,62971.8,63229.04,11209.4505281,0.29001471704907505,0.12454252222561447,Positive,39.68,25913.0
2021-04-16,60048.43,63604.34,63229.04,61427.27,19867.41322269,0.36448332531665867,0.08506854256854256,Positive,53.32,28555.0
2021-04-17,59700.0,62572.48,61427.27,60058.86,10847.76785762,0.32828944203944194,0.10677748177748175,Positive,40.3,23061.0
2021-04-18,51300.0,60437.97,60067.2,56274.41,36891.70959047,0.32018261780123086,0.0447378898473789,Positive,72.0,25699.0
2021-04-19,54187.85,57600.0,56273.65,55696.83,16838.39171629,0.3810431317874428,0.09338270505305905,Positive,59.76,26883.0
2021-04-20,53430.01,57111.0,55696.83,56499.29,18608.27983583,0.2466719028005436,0.08513165636952044,Positive,53.28,22715.0
2021-04-21,53620.91,56810.56,56477.67,53800.86,15584.08398293,0.3464695459116946,0.15370430992331818,Positive,42.48,20134.0
2021-04-22,50400.0,55469.98,53795.62,51701.59,30427.89153907,0.3114183757534821,0.07482158847850336,Positive,48.239999999999995,21972.0
2021-04-23,47464.65,52130.58,51695.98,51187.27,38794.85818376,0.31570781407145043,0.05842848943985306,Positive,67.67999999999999,23793.0
2021-04-24,48726.87,51260.61,51187.75,50089.15,11839.14355893,0.2775349300457996,0.03938311688311688,Positive,46.8,19143.0
2021-04-25,47044.01,50591.38,50101.42,49121.0,14633.51206544,0.2795066054409489,0.10099477822962671,Positive,29.580000000000002,17602.0
2021-04-26,48817.62,54400.0,49121.0,54053.6,18005.22399425,0.3393529797150486,0.1094819624819625,Positive,35.19,21080.0
2021-04-27,53321.0,55509.39,54047.8,55069.62,13957.08649512,0.33432354907964656,0.10060746841234647,Positive,33.15,26810.0
2021-04-28,53887.0,56476.17,55069.61,54894.03,16484.33677655,0.29417372251931073,0.1256327985739751,Positive,28.05,35977.0
2021-04-29,52369.61,55226.86,54889.81,53580.0,14592.31688772,0.28026875901875903,0.10640958554618347,Positive,26.01,24749.0
2021-04-30,53068.43,58075.01,53580.0,57798.77,16536.33288912,0.30780329392829386,0.1289315961815962,Positive,24.990000000000002,23919.0
2021-05-01,57050.94,58550.0,57798.77,57859.28,10787.04933216,0.29484325658238697,0.10376913545391803,Positive,12.75,19479.0
2021-05-02,56072.0,57972.26,57859.28,56625.2,7647.62578087,0.30484533648170015,0.1644748130657222,Positive,12.25,21091.0
2021-05-03,56500.0,58986.0,56625.21,57212.73,15165.00648795,0.3810004743933315,0.18997008943437518,Positive,13.23,23562.0
2021-05-04,53057.7,57247.24,57212.73,53241.92,23492.0586849,0.2690546110102562,0.1398138499045757,Positive,15.68,23263.0
2021-05-05,52913.02,57980.86,53241.91,57515.69,22918.90458572,0.28675887445887444,0.12619796536796538,Positive,16.169999999999998,25216.0
2021-05-06,55288.0,58400.0,57515.69,56440.66,18244.13605211,0.27627712054027836,0.10070738033895929,Positive,14.209999999999999,26150.0
2021-05-07,55300.0,58735.95,56444.82,57380.39,18323.8958022,0.3031580302413636,0.14092060717060717,Positive,14.209999999999999,25336.0
2021-05-08,56980.01,59559.84,57380.39,58958.05,15374.94442964,0.26622255994596417,0.08810686653771763,Positive,13.719999999999999,26560.0
2021-05-09,56265.3,59300.52,58958.06,58312.57,17169.72318523,0.35417821067821065,0.16966089466089468,Positive,20.46,29371.0
2021-05-10,53600.0,59592.2,58313.84,55866.41,24647.23540718,0.291733913335855,0.15512388097339552,Positive,19.8,30031.0
2021-05-11,54511.48,56962.07,55866.38,56753.19,15446.63591676,0.26527193485526823,0.09385651385651383,Positive,19.8,26221.0
2021-05-12,48500.0,58041.0,56753.19,49498.77,29660.84273553,0.2777640858208085,0.07856744402306376,Positive,21.12,26433.0
2021-05-13,46000.0,52500.0,49498.76,49690.11,42250.08740789,0.28118135343964434,0.07564300193381829,Positive,49.5,65747.0
2021-05-14,48895.0,51569.56,49682.28,49893.48,21987.79362448,0.30319955983558927,0.11838927310434662,Positive,28.380000000000003,41881.0
2021-05-15,46573.0,50730.58,49893.48,46775.51,21936.11454712,0.36243443631198735,0.14184890223155527,Positive,21.78,31574.0
2021-05-16,43825.0,49808.28,46771.01,46450.79,30655.33064729,0.33132299402941606,0.0835914518712684,Positive,36.0,30452.0
2021-05-17,42101.0,46646.15,46450.78,43580.5,43660.22208427,0.2751155710329097,0.08449653505097056,Positive,54.0,33905.0
2021-05-18,42300.0,45851.0,43571.89,42857.15,28210.30024018,0.20822044083611255,0.0834242155025737,Positive,41.0,28420.0
2021-05-19,30000.0,43591.7,42865.05,36731.75,109537.24233282,0.28653094291047665,0.07250974773643168,Positive,100.0,49417.0
2021-05-20,35000.0,42605.0,36735.44,40623.33,51445.79735691,0.3005551299511973,0.09608805754170921,Positive,73.0,46983.0
2021-05-21,33501.54,42275.99,40623.24,37340.77,55961.90006046,0.2938768552257759,0.11259373453618057,Positive,56.0,38338.0
2021-05-22,35257.52,38889.76,37333.09,37476.83,29239.02738254,0.16338036350904003,0.07248895202020203,Positive,47.0,39086.0
2021-05-23,31111.0,38319.36,37476.84,34758.67,53433.30296532,0.2876606581125361,0.08844072290081681,Positive,55.099999999999994,37121.0
2021-05-24,34407.17,39966.87,34758.88,38878.56,44419.45827713,0.3127532160510883,0.13515329971446996,Positive,53.199999999999996,35684.0
